{"cameraMode":{"drawMode":0,"name":"Shaded","section":"Shading Mode"},"sceneLighting":true,"audioPlay":false,"sceneViewState":{"showFog":true,"showMaterialUpdate":false,"showSkybox":true,"showFlares":true,"showImageEffects":true,"showParticleSystems":true},"in2DMode":false,"pivot":{"x":2.2973389625549318,"y":2.912142276763916,"z":2.476292371749878},"rotation":{"x":-0.013442335650324822,"y":0.09165892750024796,"z":-0.0012404018780216575,"w":-0.9957051277160645},"size":2.4665846824645998,"orthographic":false}