{"cameraMode":{"drawMode":0,"name":"Shaded","section":"Shading Mode"},"sceneLighting":true,"audioPlay":false,"sceneViewState":{"showFog":true,"showMaterialUpdate":false,"showSkybox":true,"showFlares":true,"showImageEffects":true,"showParticleSystems":true},"in2DMode":false,"pivot":{"x":-7.32795524597168,"y":-62.10821533203125,"z":-45.13710403442383},"rotation":{"x":-0.07282399386167526,"y":0.8387972116470337,"z":-0.5270570516586304,"w":-0.11597155779600144},"size":152.31919860839845,"orthographic":false}